user_id,sn
2c3f49c5-e2da-439f-a1bb-e21963a79c83,113025
2c3f49c5-e2da-439f-a1bb-e21963a79c83,113520
2c3f49c5-e2da-439f-a1bb-e21963a79c83,98149
2c3f49c5-e2da-439f-a1bb-e21963a79c83,112595
2c3f49c5-e2da-439f-a1bb-e21963a79c83,113908
2c3f49c5-e2da-439f-a1bb-e21963a79c83,113869
2c3f49c5-e2da-439f-a1bb-e21963a79c83,113354
2c3f49c5-e2da-439f-a1bb-e21963a79c83,113613
2c3f49c5-e2da-439f-a1bb-e21963a79c83,67670
2c3f49c5-e2da-439f-a1bb-e21963a79c83,94113
2c3f49c5-e2da-439f-a1bb-e21963a79c83,98176
2c3f49c5-e2da-439f-a1bb-e21963a79c83,113505
2c3f49c5-e2da-439f-a1bb-e21963a79c83,113384
2c3f49c5-e2da-439f-a1bb-e21963a79c83,113392
2c3f49c5-e2da-439f-a1bb-e21963a79c83,113534
2c3f49c5-e2da-439f-a1bb-e21963a79c83,113241
2c3f49c5-e2da-439f-a1bb-e21963a79c83,61678
2c3f49c5-e2da-439f-a1bb-e21963a79c83,93743
2c3f49c5-e2da-439f-a1bb-e21963a79c83,113129
2c3f49c5-e2da-439f-a1bb-e21963a79c83,113195
2c3f49c5-e2da-439f-a1bb-e21963a79c83,113905
2c3f49c5-e2da-439f-a1bb-e21963a79c83,65250
2c3f49c5-e2da-439f-a1bb-e21963a79c83,113782
2c3f49c5-e2da-439f-a1bb-e21963a79c83,113594
2c3f49c5-e2da-439f-a1bb-e21963a79c83,63310
2c3f49c5-e2da-439f-a1bb-e21963a79c83,113459
2c3f49c5-e2da-439f-a1bb-e21963a79c83,64107
2c3f49c5-e2da-439f-a1bb-e21963a79c83,82778
2c3f49c5-e2da-439f-a1bb-e21963a79c83,71034
2c3f49c5-e2da-439f-a1bb-e21963a79c83,113743
2c3f49c5-e2da-439f-a1bb-e21963a79c83,113260
2c3f49c5-e2da-439f-a1bb-e21963a79c83,113574
2c3f49c5-e2da-439f-a1bb-e21963a79c83,113465
2c3f49c5-e2da-439f-a1bb-e21963a79c83,113275
2c3f49c5-e2da-439f-a1bb-e21963a79c83,79369
2c3f49c5-e2da-439f-a1bb-e21963a79c83,113710
2c3f49c5-e2da-439f-a1bb-e21963a79c83,113701
2c3f49c5-e2da-439f-a1bb-e21963a79c83,97790
2c3f49c5-e2da-439f-a1bb-e21963a79c83,112505
2c3f49c5-e2da-439f-a1bb-e21963a79c83,79364
2c3f49c5-e2da-439f-a1bb-e21963a79c83,107158
2c3f49c5-e2da-439f-a1bb-e21963a79c83,113844
2c3f49c5-e2da-439f-a1bb-e21963a79c83,95242
2c3f49c5-e2da-439f-a1bb-e21963a79c83,112499
2c3f49c5-e2da-439f-a1bb-e21963a79c83,113460
2c3f49c5-e2da-439f-a1bb-e21963a79c83,78883
2c3f49c5-e2da-439f-a1bb-e21963a79c83,113500
2c3f49c5-e2da-439f-a1bb-e21963a79c83,113159
2c3f49c5-e2da-439f-a1bb-e21963a79c83,113816
2c3f49c5-e2da-439f-a1bb-e21963a79c83,113694
2c3f49c5-e2da-439f-a1bb-e21963a79c83,113336
2c3f49c5-e2da-439f-a1bb-e21963a79c83,113788
2c3f49c5-e2da-439f-a1bb-e21963a79c83,113507
2c3f49c5-e2da-439f-a1bb-e21963a79c83,113531
2c3f49c5-e2da-439f-a1bb-e21963a79c83,112548
2c3f49c5-e2da-439f-a1bb-e21963a79c83,112754
2c3f49c5-e2da-439f-a1bb-e21963a79c83,113762
2c3f49c5-e2da-439f-a1bb-e21963a79c83,113537
2c3f49c5-e2da-439f-a1bb-e21963a79c83,113758
2c3f49c5-e2da-439f-a1bb-e21963a79c83,113894
2c3f49c5-e2da-439f-a1bb-e21963a79c83,90639
2c3f49c5-e2da-439f-a1bb-e21963a79c83,96524
2c3f49c5-e2da-439f-a1bb-e21963a79c83,112429
2c3f49c5-e2da-439f-a1bb-e21963a79c83,112486
2c3f49c5-e2da-439f-a1bb-e21963a79c83,113020
2c3f49c5-e2da-439f-a1bb-e21963a79c83,112616
2c3f49c5-e2da-439f-a1bb-e21963a79c83,113723
2c3f49c5-e2da-439f-a1bb-e21963a79c83,113924
2c3f49c5-e2da-439f-a1bb-e21963a79c83,80412
2c3f49c5-e2da-439f-a1bb-e21963a79c83,102289
2c3f49c5-e2da-439f-a1bb-e21963a79c83,72735
2c3f49c5-e2da-439f-a1bb-e21963a79c83,112760
2c3f49c5-e2da-439f-a1bb-e21963a79c83,113163
2c3f49c5-e2da-439f-a1bb-e21963a79c83,84023
2c3f49c5-e2da-439f-a1bb-e21963a79c83,112865
2c3f49c5-e2da-439f-a1bb-e21963a79c83,60209
2c3f49c5-e2da-439f-a1bb-e21963a79c83,112666
2c3f49c5-e2da-439f-a1bb-e21963a79c83,112753
2c3f49c5-e2da-439f-a1bb-e21963a79c83,113700
2c3f49c5-e2da-439f-a1bb-e21963a79c83,113161
2c3f49c5-e2da-439f-a1bb-e21963a79c83,87683
2c3f49c5-e2da-439f-a1bb-e21963a79c83,102027
2c3f49c5-e2da-439f-a1bb-e21963a79c83,113958
2c3f49c5-e2da-439f-a1bb-e21963a79c83,113822
2c3f49c5-e2da-439f-a1bb-e21963a79c83,113956
2c3f49c5-e2da-439f-a1bb-e21963a79c83,106587
2c3f49c5-e2da-439f-a1bb-e21963a79c83,113755
2c3f49c5-e2da-439f-a1bb-e21963a79c83,110596
2c3f49c5-e2da-439f-a1bb-e21963a79c83,113840
2c3f49c5-e2da-439f-a1bb-e21963a79c83,113945
2c3f49c5-e2da-439f-a1bb-e21963a79c83,113918
2c3f49c5-e2da-439f-a1bb-e21963a79c83,66635
2c3f49c5-e2da-439f-a1bb-e21963a79c83,113610
2c3f49c5-e2da-439f-a1bb-e21963a79c83,113650
2c3f49c5-e2da-439f-a1bb-e21963a79c83,112610
2c3f49c5-e2da-439f-a1bb-e21963a79c83,98167
2c3f49c5-e2da-439f-a1bb-e21963a79c83,113881
2c3f49c5-e2da-439f-a1bb-e21963a79c83,113313
2c3f49c5-e2da-439f-a1bb-e21963a79c83,88264
2c3f49c5-e2da-439f-a1bb-e21963a79c83,36603
2c3f49c5-e2da-439f-a1bb-e21963a79c83,113207
2c3f49c5-e2da-439f-a1bb-e21963a79c83,111652
2c3f49c5-e2da-439f-a1bb-e21963a79c83,112782
2c3f49c5-e2da-439f-a1bb-e21963a79c83,113017
2c3f49c5-e2da-439f-a1bb-e21963a79c83,113366
2c3f49c5-e2da-439f-a1bb-e21963a79c83,90115
2c3f49c5-e2da-439f-a1bb-e21963a79c83,113419
2c3f49c5-e2da-439f-a1bb-e21963a79c83,59221
2c3f49c5-e2da-439f-a1bb-e21963a79c83,113246
2c3f49c5-e2da-439f-a1bb-e21963a79c83,113213
2c3f49c5-e2da-439f-a1bb-e21963a79c83,112578
2c3f49c5-e2da-439f-a1bb-e21963a79c83,112460
2c3f49c5-e2da-439f-a1bb-e21963a79c83,113394
2c3f49c5-e2da-439f-a1bb-e21963a79c83,113585
2c3f49c5-e2da-439f-a1bb-e21963a79c83,113830
2c3f49c5-e2da-439f-a1bb-e21963a79c83,113555
2c3f49c5-e2da-439f-a1bb-e21963a79c83,113567
2c3f49c5-e2da-439f-a1bb-e21963a79c83,113965
2c3f49c5-e2da-439f-a1bb-e21963a79c83,112668
2c3f49c5-e2da-439f-a1bb-e21963a79c83,93827
2c3f49c5-e2da-439f-a1bb-e21963a79c83,112874
2c3f49c5-e2da-439f-a1bb-e21963a79c83,112278
2c3f49c5-e2da-439f-a1bb-e21963a79c83,113482
2c3f49c5-e2da-439f-a1bb-e21963a79c83,113749
2c3f49c5-e2da-439f-a1bb-e21963a79c83,113511
2c3f49c5-e2da-439f-a1bb-e21963a79c83,113955
2c3f49c5-e2da-439f-a1bb-e21963a79c83,113216
2c3f49c5-e2da-439f-a1bb-e21963a79c83,112546
2c3f49c5-e2da-439f-a1bb-e21963a79c83,102028
2c3f49c5-e2da-439f-a1bb-e21963a79c83,112455
2c3f49c5-e2da-439f-a1bb-e21963a79c83,113525
2c3f49c5-e2da-439f-a1bb-e21963a79c83,113200
2c3f49c5-e2da-439f-a1bb-e21963a79c83,112481
2c3f49c5-e2da-439f-a1bb-e21963a79c83,112675
2c3f49c5-e2da-439f-a1bb-e21963a79c83,84116
2c3f49c5-e2da-439f-a1bb-e21963a79c83,52157
2c3f49c5-e2da-439f-a1bb-e21963a79c83,94844
2c3f49c5-e2da-439f-a1bb-e21963a79c83,113015
2c3f49c5-e2da-439f-a1bb-e21963a79c83,113807
2c3f49c5-e2da-439f-a1bb-e21963a79c83,72755
2c3f49c5-e2da-439f-a1bb-e21963a79c83,113406
2c3f49c5-e2da-439f-a1bb-e21963a79c83,112621
2c3f49c5-e2da-439f-a1bb-e21963a79c83,80448
2c3f49c5-e2da-439f-a1bb-e21963a79c83,16535
2c3f49c5-e2da-439f-a1bb-e21963a79c83,112563
2c3f49c5-e2da-439f-a1bb-e21963a79c83,63560
2c3f49c5-e2da-439f-a1bb-e21963a79c83,112421
2c3f49c5-e2da-439f-a1bb-e21963a79c83,113080
2c3f49c5-e2da-439f-a1bb-e21963a79c83,113942
2c3f49c5-e2da-439f-a1bb-e21963a79c83,112945
2c3f49c5-e2da-439f-a1bb-e21963a79c83,113398
2c3f49c5-e2da-439f-a1bb-e21963a79c83,112809
2c3f49c5-e2da-439f-a1bb-e21963a79c83,73570
2c3f49c5-e2da-439f-a1bb-e21963a79c83,112801
2c3f49c5-e2da-439f-a1bb-e21963a79c83,63283
2c3f49c5-e2da-439f-a1bb-e21963a79c83,74763
2c3f49c5-e2da-439f-a1bb-e21963a79c83,112757
2c3f49c5-e2da-439f-a1bb-e21963a79c83,113590
2c3f49c5-e2da-439f-a1bb-e21963a79c83,106527
2c3f49c5-e2da-439f-a1bb-e21963a79c83,112779
2c3f49c5-e2da-439f-a1bb-e21963a79c83,113410
2c3f49c5-e2da-439f-a1bb-e21963a79c83,113538
2c3f49c5-e2da-439f-a1bb-e21963a79c83,112671
2c3f49c5-e2da-439f-a1bb-e21963a79c83,112463
2c3f49c5-e2da-439f-a1bb-e21963a79c83,113973
2c3f49c5-e2da-439f-a1bb-e21963a79c83,113237
2c3f49c5-e2da-439f-a1bb-e21963a79c83,113885
2c3f49c5-e2da-439f-a1bb-e21963a79c83,113087
2c3f49c5-e2da-439f-a1bb-e21963a79c83,113812
2c3f49c5-e2da-439f-a1bb-e21963a79c83,113350
2c3f49c5-e2da-439f-a1bb-e21963a79c83,113604
2c3f49c5-e2da-439f-a1bb-e21963a79c83,112635
2c3f49c5-e2da-439f-a1bb-e21963a79c83,113677
2c3f49c5-e2da-439f-a1bb-e21963a79c83,84866
2c3f49c5-e2da-439f-a1bb-e21963a79c83,112689
2c3f49c5-e2da-439f-a1bb-e21963a79c83,94202
2c3f49c5-e2da-439f-a1bb-e21963a79c83,112665
2c3f49c5-e2da-439f-a1bb-e21963a79c83,41986
2c3f49c5-e2da-439f-a1bb-e21963a79c83,112815
2c3f49c5-e2da-439f-a1bb-e21963a79c83,112887
2c3f49c5-e2da-439f-a1bb-e21963a79c83,112438
2c3f49c5-e2da-439f-a1bb-e21963a79c83,112798
2c3f49c5-e2da-439f-a1bb-e21963a79c83,113597
2c3f49c5-e2da-439f-a1bb-e21963a79c83,112794
2c3f49c5-e2da-439f-a1bb-e21963a79c83,100626
2c3f49c5-e2da-439f-a1bb-e21963a79c83,112882
2c3f49c5-e2da-439f-a1bb-e21963a79c83,103211
2c3f49c5-e2da-439f-a1bb-e21963a79c83,113094
2c3f49c5-e2da-439f-a1bb-e21963a79c83,113839
2c3f49c5-e2da-439f-a1bb-e21963a79c83,68520
2c3f49c5-e2da-439f-a1bb-e21963a79c83,112856
2c3f49c5-e2da-439f-a1bb-e21963a79c83,91866
2c3f49c5-e2da-439f-a1bb-e21963a79c83,113579
2c3f49c5-e2da-439f-a1bb-e21963a79c83,113077
2c3f49c5-e2da-439f-a1bb-e21963a79c83,112898
2c3f49c5-e2da-439f-a1bb-e21963a79c83,113431
2c3f49c5-e2da-439f-a1bb-e21963a79c83,113379
2c3f49c5-e2da-439f-a1bb-e21963a79c83,113742
2c3f49c5-e2da-439f-a1bb-e21963a79c83,113754
2c3f49c5-e2da-439f-a1bb-e21963a79c83,96520
2c3f49c5-e2da-439f-a1bb-e21963a79c83,112641
2c3f49c5-e2da-439f-a1bb-e21963a79c83,113750
2c3f49c5-e2da-439f-a1bb-e21963a79c83,112799
2c3f49c5-e2da-439f-a1bb-e21963a79c83,96521
2c3f49c5-e2da-439f-a1bb-e21963a79c83,113247
2c3f49c5-e2da-439f-a1bb-e21963a79c83,113598
2c3f49c5-e2da-439f-a1bb-e21963a79c83,112737
2c3f49c5-e2da-439f-a1bb-e21963a79c83,76677
2c3f49c5-e2da-439f-a1bb-e21963a79c83,113906
2c3f49c5-e2da-439f-a1bb-e21963a79c83,80449
2c3f49c5-e2da-439f-a1bb-e21963a79c83,112426
2c3f49c5-e2da-439f-a1bb-e21963a79c83,39385
2c3f49c5-e2da-439f-a1bb-e21963a79c83,89732
2c3f49c5-e2da-439f-a1bb-e21963a79c83,94032
2c3f49c5-e2da-439f-a1bb-e21963a79c83,66639
2c3f49c5-e2da-439f-a1bb-e21963a79c83,113950
2c3f49c5-e2da-439f-a1bb-e21963a79c83,112861
2c3f49c5-e2da-439f-a1bb-e21963a79c83,113818
2c3f49c5-e2da-439f-a1bb-e21963a79c83,37290
2c3f49c5-e2da-439f-a1bb-e21963a79c83,113454
2c3f49c5-e2da-439f-a1bb-e21963a79c83,113890
2c3f49c5-e2da-439f-a1bb-e21963a79c83,113425
2c3f49c5-e2da-439f-a1bb-e21963a79c83,112800
2c3f49c5-e2da-439f-a1bb-e21963a79c83,112867
2c3f49c5-e2da-439f-a1bb-e21963a79c83,113514
2c3f49c5-e2da-439f-a1bb-e21963a79c83,113570
2c3f49c5-e2da-439f-a1bb-e21963a79c83,90398
2c3f49c5-e2da-439f-a1bb-e21963a79c83,112525
2c3f49c5-e2da-439f-a1bb-e21963a79c83,113280
2c3f49c5-e2da-439f-a1bb-e21963a79c83,113586
2c3f49c5-e2da-439f-a1bb-e21963a79c83,80781
2c3f49c5-e2da-439f-a1bb-e21963a79c83,112454
2c3f49c5-e2da-439f-a1bb-e21963a79c83,113569
2c3f49c5-e2da-439f-a1bb-e21963a79c83,113258
2c3f49c5-e2da-439f-a1bb-e21963a79c83,112836
2c3f49c5-e2da-439f-a1bb-e21963a79c83,113775
2c3f49c5-e2da-439f-a1bb-e21963a79c83,113689
2c3f49c5-e2da-439f-a1bb-e21963a79c83,112924
2c3f49c5-e2da-439f-a1bb-e21963a79c83,113326
2c3f49c5-e2da-439f-a1bb-e21963a79c83,112835
2c3f49c5-e2da-439f-a1bb-e21963a79c83,113725
2c3f49c5-e2da-439f-a1bb-e21963a79c83,113675
2c3f49c5-e2da-439f-a1bb-e21963a79c83,113437
2c3f49c5-e2da-439f-a1bb-e21963a79c83,80453
2c3f49c5-e2da-439f-a1bb-e21963a79c83,102036
2c3f49c5-e2da-439f-a1bb-e21963a79c83,113588
2c3f49c5-e2da-439f-a1bb-e21963a79c83,112705
2c3f49c5-e2da-439f-a1bb-e21963a79c83,112842
2c3f49c5-e2da-439f-a1bb-e21963a79c83,113493
2c3f49c5-e2da-439f-a1bb-e21963a79c83,112612
2c3f49c5-e2da-439f-a1bb-e21963a79c83,112474
2c3f49c5-e2da-439f-a1bb-e21963a79c83,80172
2c3f49c5-e2da-439f-a1bb-e21963a79c83,113462
2c3f49c5-e2da-439f-a1bb-e21963a79c83,112557
2c3f49c5-e2da-439f-a1bb-e21963a79c83,113251
2c3f49c5-e2da-439f-a1bb-e21963a79c83,113362
2c3f49c5-e2da-439f-a1bb-e21963a79c83,113633
2c3f49c5-e2da-439f-a1bb-e21963a79c83,113535
2c3f49c5-e2da-439f-a1bb-e21963a79c83,113657
2c3f49c5-e2da-439f-a1bb-e21963a79c83,102494
2c3f49c5-e2da-439f-a1bb-e21963a79c83,82670
2c3f49c5-e2da-439f-a1bb-e21963a79c83,102038
2c3f49c5-e2da-439f-a1bb-e21963a79c83,112935
2c3f49c5-e2da-439f-a1bb-e21963a79c83,113063
2c3f49c5-e2da-439f-a1bb-e21963a79c83,113180
2c3f49c5-e2da-439f-a1bb-e21963a79c83,92513
2c3f49c5-e2da-439f-a1bb-e21963a79c83,113436
2c3f49c5-e2da-439f-a1bb-e21963a79c83,27263
2c3f49c5-e2da-439f-a1bb-e21963a79c83,96527
2c3f49c5-e2da-439f-a1bb-e21963a79c83,113711
2c3f49c5-e2da-439f-a1bb-e21963a79c83,113620
2c3f49c5-e2da-439f-a1bb-e21963a79c83,113716
2c3f49c5-e2da-439f-a1bb-e21963a79c83,113167
2c3f49c5-e2da-439f-a1bb-e21963a79c83,112849
2c3f49c5-e2da-439f-a1bb-e21963a79c83,113715
2c3f49c5-e2da-439f-a1bb-e21963a79c83,112937
2c3f49c5-e2da-439f-a1bb-e21963a79c83,113033
2c3f49c5-e2da-439f-a1bb-e21963a79c83,113316
2c3f49c5-e2da-439f-a1bb-e21963a79c83,112617
2c3f49c5-e2da-439f-a1bb-e21963a79c83,113418
2c3f49c5-e2da-439f-a1bb-e21963a79c83,112452
2c3f49c5-e2da-439f-a1bb-e21963a79c83,113552
2c3f49c5-e2da-439f-a1bb-e21963a79c83,113698
2c3f49c5-e2da-439f-a1bb-e21963a79c83,113702
2c3f49c5-e2da-439f-a1bb-e21963a79c83,112462
2c3f49c5-e2da-439f-a1bb-e21963a79c83,112932
2c3f49c5-e2da-439f-a1bb-e21963a79c83,113324
2c3f49c5-e2da-439f-a1bb-e21963a79c83,113670
2c3f49c5-e2da-439f-a1bb-e21963a79c83,113899
2c3f49c5-e2da-439f-a1bb-e21963a79c83,112539
2c3f49c5-e2da-439f-a1bb-e21963a79c83,112589
2c3f49c5-e2da-439f-a1bb-e21963a79c83,113463
2c3f49c5-e2da-439f-a1bb-e21963a79c83,112823
2c3f49c5-e2da-439f-a1bb-e21963a79c83,113376
2c3f49c5-e2da-439f-a1bb-e21963a79c83,113729
2c3f49c5-e2da-439f-a1bb-e21963a79c83,113390
2c3f49c5-e2da-439f-a1bb-e21963a79c83,113692
2c3f49c5-e2da-439f-a1bb-e21963a79c83,113494
2c3f49c5-e2da-439f-a1bb-e21963a79c83,112791
2c3f49c5-e2da-439f-a1bb-e21963a79c83,113068
2c3f49c5-e2da-439f-a1bb-e21963a79c83,113257
2c3f49c5-e2da-439f-a1bb-e21963a79c83,113221
2c3f49c5-e2da-439f-a1bb-e21963a79c83,113282
2c3f49c5-e2da-439f-a1bb-e21963a79c83,113160
2c3f49c5-e2da-439f-a1bb-e21963a79c83,113820
2c3f49c5-e2da-439f-a1bb-e21963a79c83,112833
2c3f49c5-e2da-439f-a1bb-e21963a79c83,113250
2c3f49c5-e2da-439f-a1bb-e21963a79c83,112608
2c3f49c5-e2da-439f-a1bb-e21963a79c83,80882
2c3f49c5-e2da-439f-a1bb-e21963a79c83,104307
2c3f49c5-e2da-439f-a1bb-e21963a79c83,113808
2c3f49c5-e2da-439f-a1bb-e21963a79c83,112514
2c3f49c5-e2da-439f-a1bb-e21963a79c83,112726
2c3f49c5-e2da-439f-a1bb-e21963a79c83,79653
2c3f49c5-e2da-439f-a1bb-e21963a79c83,96519
2c3f49c5-e2da-439f-a1bb-e21963a79c83,113823
2c3f49c5-e2da-439f-a1bb-e21963a79c83,113655
2c3f49c5-e2da-439f-a1bb-e21963a79c83,112889
2c3f49c5-e2da-439f-a1bb-e21963a79c83,81861
2c3f49c5-e2da-439f-a1bb-e21963a79c83,113314
2c3f49c5-e2da-439f-a1bb-e21963a79c83,112915
2c3f49c5-e2da-439f-a1bb-e21963a79c83,113695
2c3f49c5-e2da-439f-a1bb-e21963a79c83,112953
2c3f49c5-e2da-439f-a1bb-e21963a79c83,113157
2c3f49c5-e2da-439f-a1bb-e21963a79c83,113397
2c3f49c5-e2da-439f-a1bb-e21963a79c83,113360
2c3f49c5-e2da-439f-a1bb-e21963a79c83,54421
2c3f49c5-e2da-439f-a1bb-e21963a79c83,113504
2c3f49c5-e2da-439f-a1bb-e21963a79c83,113299
2c3f49c5-e2da-439f-a1bb-e21963a79c83,113205
2c3f49c5-e2da-439f-a1bb-e21963a79c83,76842
2c3f49c5-e2da-439f-a1bb-e21963a79c83,112781
2c3f49c5-e2da-439f-a1bb-e21963a79c83,113561
2c3f49c5-e2da-439f-a1bb-e21963a79c83,112899
2c3f49c5-e2da-439f-a1bb-e21963a79c83,97912
2c3f49c5-e2da-439f-a1bb-e21963a79c83,113407
2c3f49c5-e2da-439f-a1bb-e21963a79c83,112857
2c3f49c5-e2da-439f-a1bb-e21963a79c83,113491
2c3f49c5-e2da-439f-a1bb-e21963a79c83,91867
2c3f49c5-e2da-439f-a1bb-e21963a79c83,113654
2c3f49c5-e2da-439f-a1bb-e21963a79c83,97962
2c3f49c5-e2da-439f-a1bb-e21963a79c83,113717
2c3f49c5-e2da-439f-a1bb-e21963a79c83,113387
2c3f49c5-e2da-439f-a1bb-e21963a79c83,113373
2c3f49c5-e2da-439f-a1bb-e21963a79c83,113705
2c3f49c5-e2da-439f-a1bb-e21963a79c83,72362
2c3f49c5-e2da-439f-a1bb-e21963a79c83,113563
2c3f49c5-e2da-439f-a1bb-e21963a79c83,113486
2c3f49c5-e2da-439f-a1bb-e21963a79c83,113665
2c3f49c5-e2da-439f-a1bb-e21963a79c83,113400
2c3f49c5-e2da-439f-a1bb-e21963a79c83,112864
2c3f49c5-e2da-439f-a1bb-e21963a79c83,113963
2c3f49c5-e2da-439f-a1bb-e21963a79c83,104687
2c3f49c5-e2da-439f-a1bb-e21963a79c83,112963
2c3f49c5-e2da-439f-a1bb-e21963a79c83,113810
2c3f49c5-e2da-439f-a1bb-e21963a79c83,51108
2c3f49c5-e2da-439f-a1bb-e21963a79c83,112017
2c3f49c5-e2da-439f-a1bb-e21963a79c83,63309
2c3f49c5-e2da-439f-a1bb-e21963a79c83,112796
2c3f49c5-e2da-439f-a1bb-e21963a79c83,112461
2c3f49c5-e2da-439f-a1bb-e21963a79c83,113333
2c3f49c5-e2da-439f-a1bb-e21963a79c83,112603
2c3f49c5-e2da-439f-a1bb-e21963a79c83,113369
2c3f49c5-e2da-439f-a1bb-e21963a79c83,113516
2c3f49c5-e2da-439f-a1bb-e21963a79c83,113769
2c3f49c5-e2da-439f-a1bb-e21963a79c83,113010
2c3f49c5-e2da-439f-a1bb-e21963a79c83,112677
2c3f49c5-e2da-439f-a1bb-e21963a79c83,113696
2c3f49c5-e2da-439f-a1bb-e21963a79c83,113065
2c3f49c5-e2da-439f-a1bb-e21963a79c83,103611
2c3f49c5-e2da-439f-a1bb-e21963a79c83,113634
2c3f49c5-e2da-439f-a1bb-e21963a79c83,113481
2c3f49c5-e2da-439f-a1bb-e21963a79c83,112523
2c3f49c5-e2da-439f-a1bb-e21963a79c83,113607
2c3f49c5-e2da-439f-a1bb-e21963a79c83,112810
2c3f49c5-e2da-439f-a1bb-e21963a79c83,78427
2c3f49c5-e2da-439f-a1bb-e21963a79c83,52512
2c3f49c5-e2da-439f-a1bb-e21963a79c83,112273
2c3f49c5-e2da-439f-a1bb-e21963a79c83,98172
2c3f49c5-e2da-439f-a1bb-e21963a79c83,112470
2c3f49c5-e2da-439f-a1bb-e21963a79c83,96580
2c3f49c5-e2da-439f-a1bb-e21963a79c83,68751
2c3f49c5-e2da-439f-a1bb-e21963a79c83,112582
2c3f49c5-e2da-439f-a1bb-e21963a79c83,112487
2c3f49c5-e2da-439f-a1bb-e21963a79c83,113228
2c3f49c5-e2da-439f-a1bb-e21963a79c83,112816
2c3f49c5-e2da-439f-a1bb-e21963a79c83,113876
2c3f49c5-e2da-439f-a1bb-e21963a79c83,102857
2c3f49c5-e2da-439f-a1bb-e21963a79c83,112879
2c3f49c5-e2da-439f-a1bb-e21963a79c83,113947
2c3f49c5-e2da-439f-a1bb-e21963a79c83,112433
2c3f49c5-e2da-439f-a1bb-e21963a79c83,113468
2c3f49c5-e2da-439f-a1bb-e21963a79c83,50007
2c3f49c5-e2da-439f-a1bb-e21963a79c83,79961
2c3f49c5-e2da-439f-a1bb-e21963a79c83,112854
2c3f49c5-e2da-439f-a1bb-e21963a79c83,111262
2c3f49c5-e2da-439f-a1bb-e21963a79c83,73016
2c3f49c5-e2da-439f-a1bb-e21963a79c83,112553
2c3f49c5-e2da-439f-a1bb-e21963a79c83,113442
2c3f49c5-e2da-439f-a1bb-e21963a79c83,112698
2c3f49c5-e2da-439f-a1bb-e21963a79c83,113719
2c3f49c5-e2da-439f-a1bb-e21963a79c83,112414
2c3f49c5-e2da-439f-a1bb-e21963a79c83,113305
2c3f49c5-e2da-439f-a1bb-e21963a79c83,113274
2c3f49c5-e2da-439f-a1bb-e21963a79c83,113088
2c3f49c5-e2da-439f-a1bb-e21963a79c83,113102
2c3f49c5-e2da-439f-a1bb-e21963a79c83,112873
2c3f49c5-e2da-439f-a1bb-e21963a79c83,113595
2c3f49c5-e2da-439f-a1bb-e21963a79c83,76249
2c3f49c5-e2da-439f-a1bb-e21963a79c83,101464
2c3f49c5-e2da-439f-a1bb-e21963a79c83,112453
2c3f49c5-e2da-439f-a1bb-e21963a79c83,112747
2c3f49c5-e2da-439f-a1bb-e21963a79c83,113637
2c3f49c5-e2da-439f-a1bb-e21963a79c83,112565
2c3f49c5-e2da-439f-a1bb-e21963a79c83,113256
2c3f49c5-e2da-439f-a1bb-e21963a79c83,96523
2c3f49c5-e2da-439f-a1bb-e21963a79c83,113674
2c3f49c5-e2da-439f-a1bb-e21963a79c83,113536
2c3f49c5-e2da-439f-a1bb-e21963a79c83,113653
2c3f49c5-e2da-439f-a1bb-e21963a79c83,113310
2c3f49c5-e2da-439f-a1bb-e21963a79c83,113748
2c3f49c5-e2da-439f-a1bb-e21963a79c83,71308
2c3f49c5-e2da-439f-a1bb-e21963a79c83,113718
2c3f49c5-e2da-439f-a1bb-e21963a79c83,112985
2c3f49c5-e2da-439f-a1bb-e21963a79c83,434
2c3f49c5-e2da-439f-a1bb-e21963a79c83,113560
2c3f49c5-e2da-439f-a1bb-e21963a79c83,112534
2c3f49c5-e2da-439f-a1bb-e21963a79c83,113910
2c3f49c5-e2da-439f-a1bb-e21963a79c83,112992
2c3f49c5-e2da-439f-a1bb-e21963a79c83,113141
2c3f49c5-e2da-439f-a1bb-e21963a79c83,113035
2c3f49c5-e2da-439f-a1bb-e21963a79c83,113264
2c3f49c5-e2da-439f-a1bb-e21963a79c83,80414
2c3f49c5-e2da-439f-a1bb-e21963a79c83,103114
2c3f49c5-e2da-439f-a1bb-e21963a79c83,113012
2c3f49c5-e2da-439f-a1bb-e21963a79c83,47618
2c3f49c5-e2da-439f-a1bb-e21963a79c83,113052
2c3f49c5-e2da-439f-a1bb-e21963a79c83,113183
2c3f49c5-e2da-439f-a1bb-e21963a79c83,113107
2c3f49c5-e2da-439f-a1bb-e21963a79c83,113346
2c3f49c5-e2da-439f-a1bb-e21963a79c83,112587
2c3f49c5-e2da-439f-a1bb-e21963a79c83,112918
2c3f49c5-e2da-439f-a1bb-e21963a79c83,113591
2c3f49c5-e2da-439f-a1bb-e21963a79c83,92275
2c3f49c5-e2da-439f-a1bb-e21963a79c83,109401
2c3f49c5-e2da-439f-a1bb-e21963a79c83,113821
2c3f49c5-e2da-439f-a1bb-e21963a79c83,85322
2c3f49c5-e2da-439f-a1bb-e21963a79c83,112960
2c3f49c5-e2da-439f-a1bb-e21963a79c83,113135
2c3f49c5-e2da-439f-a1bb-e21963a79c83,113352
2c3f49c5-e2da-439f-a1bb-e21963a79c83,113186
2c3f49c5-e2da-439f-a1bb-e21963a79c83,113348
2c3f49c5-e2da-439f-a1bb-e21963a79c83,112575
2c3f49c5-e2da-439f-a1bb-e21963a79c83,112964
2c3f49c5-e2da-439f-a1bb-e21963a79c83,70228
2c3f49c5-e2da-439f-a1bb-e21963a79c83,66252
2c3f49c5-e2da-439f-a1bb-e21963a79c83,113901
2c3f49c5-e2da-439f-a1bb-e21963a79c83,113954
2c3f49c5-e2da-439f-a1bb-e21963a79c83,112888
2c3f49c5-e2da-439f-a1bb-e21963a79c83,113475
2c3f49c5-e2da-439f-a1bb-e21963a79c83,112927
2c3f49c5-e2da-439f-a1bb-e21963a79c83,38204
2c3f49c5-e2da-439f-a1bb-e21963a79c83,112853
2c3f49c5-e2da-439f-a1bb-e21963a79c83,95727
2c3f49c5-e2da-439f-a1bb-e21963a79c83,112607
2c3f49c5-e2da-439f-a1bb-e21963a79c83,72058
2c3f49c5-e2da-439f-a1bb-e21963a79c83,92148
2c3f49c5-e2da-439f-a1bb-e21963a79c83,113580
2c3f49c5-e2da-439f-a1bb-e21963a79c83,113181
2c3f49c5-e2da-439f-a1bb-e21963a79c83,113036
2c3f49c5-e2da-439f-a1bb-e21963a79c83,110719
2c3f49c5-e2da-439f-a1bb-e21963a79c83,113593
2c3f49c5-e2da-439f-a1bb-e21963a79c83,112846
2c3f49c5-e2da-439f-a1bb-e21963a79c83,64342
2c3f49c5-e2da-439f-a1bb-e21963a79c83,113461
2c3f49c5-e2da-439f-a1bb-e21963a79c83,113752
2c3f49c5-e2da-439f-a1bb-e21963a79c83,113771
2c3f49c5-e2da-439f-a1bb-e21963a79c83,93688
2c3f49c5-e2da-439f-a1bb-e21963a79c83,113383
2c3f49c5-e2da-439f-a1bb-e21963a79c83,113185
2c3f49c5-e2da-439f-a1bb-e21963a79c83,113628
2c3f49c5-e2da-439f-a1bb-e21963a79c83,112569
2c3f49c5-e2da-439f-a1bb-e21963a79c83,113139
2c3f49c5-e2da-439f-a1bb-e21963a79c83,112469
2c3f49c5-e2da-439f-a1bb-e21963a79c83,105050
2c3f49c5-e2da-439f-a1bb-e21963a79c83,80434
2c3f49c5-e2da-439f-a1bb-e21963a79c83,80451
2c3f49c5-e2da-439f-a1bb-e21963a79c83,113380
2c3f49c5-e2da-439f-a1bb-e21963a79c83,113530
2c3f49c5-e2da-439f-a1bb-e21963a79c83,113584
2c3f49c5-e2da-439f-a1bb-e21963a79c83,113831
2c3f49c5-e2da-439f-a1bb-e21963a79c83,113154
2c3f49c5-e2da-439f-a1bb-e21963a79c83,113524
2c3f49c5-e2da-439f-a1bb-e21963a79c83,113685
2c3f49c5-e2da-439f-a1bb-e21963a79c83,113513
2c3f49c5-e2da-439f-a1bb-e21963a79c83,109284
2c3f49c5-e2da-439f-a1bb-e21963a79c83,113416
2c3f49c5-e2da-439f-a1bb-e21963a79c83,113826
2c3f49c5-e2da-439f-a1bb-e21963a79c83,80767
2c3f49c5-e2da-439f-a1bb-e21963a79c83,90129
2c3f49c5-e2da-439f-a1bb-e21963a79c83,113272
2c3f49c5-e2da-439f-a1bb-e21963a79c83,101709
2c3f49c5-e2da-439f-a1bb-e21963a79c83,91869
2c3f49c5-e2da-439f-a1bb-e21963a79c83,113121
2c3f49c5-e2da-439f-a1bb-e21963a79c83,112938
2c3f49c5-e2da-439f-a1bb-e21963a79c83,113140
2c3f49c5-e2da-439f-a1bb-e21963a79c83,113975
2c3f49c5-e2da-439f-a1bb-e21963a79c83,113357
2c3f49c5-e2da-439f-a1bb-e21963a79c83,112783
2c3f49c5-e2da-439f-a1bb-e21963a79c83,113845
2c3f49c5-e2da-439f-a1bb-e21963a79c83,113587
2c3f49c5-e2da-439f-a1bb-e21963a79c83,113501
2c3f49c5-e2da-439f-a1bb-e21963a79c83,112526
2c3f49c5-e2da-439f-a1bb-e21963a79c83,112901
2c3f49c5-e2da-439f-a1bb-e21963a79c83,112692
2c3f49c5-e2da-439f-a1bb-e21963a79c83,113667
2c3f49c5-e2da-439f-a1bb-e21963a79c83,112750
2c3f49c5-e2da-439f-a1bb-e21963a79c83,112959
2c3f49c5-e2da-439f-a1bb-e21963a79c83,112808
2c3f49c5-e2da-439f-a1bb-e21963a79c83,113602
2c3f49c5-e2da-439f-a1bb-e21963a79c83,113189
2c3f49c5-e2da-439f-a1bb-e21963a79c83,113547
2c3f49c5-e2da-439f-a1bb-e21963a79c83,56768
2c3f49c5-e2da-439f-a1bb-e21963a79c83,112571
2c3f49c5-e2da-439f-a1bb-e21963a79c83,113042
2c3f49c5-e2da-439f-a1bb-e21963a79c83,113389
2c3f49c5-e2da-439f-a1bb-e21963a79c83,96525
2c3f49c5-e2da-439f-a1bb-e21963a79c83,112436
2c3f49c5-e2da-439f-a1bb-e21963a79c83,113252
2c3f49c5-e2da-439f-a1bb-e21963a79c83,113445
2c3f49c5-e2da-439f-a1bb-e21963a79c83,113208
2c3f49c5-e2da-439f-a1bb-e21963a79c83,80570
2c3f49c5-e2da-439f-a1bb-e21963a79c83,96517
2c3f49c5-e2da-439f-a1bb-e21963a79c83,113435
2c3f49c5-e2da-439f-a1bb-e21963a79c83,113485
2c3f49c5-e2da-439f-a1bb-e21963a79c83,112975
2c3f49c5-e2da-439f-a1bb-e21963a79c83,38140
2c3f49c5-e2da-439f-a1bb-e21963a79c83,112471
2c3f49c5-e2da-439f-a1bb-e21963a79c83,112906
2c3f49c5-e2da-439f-a1bb-e21963a79c83,49866
2c3f49c5-e2da-439f-a1bb-e21963a79c83,113281
2c3f49c5-e2da-439f-a1bb-e21963a79c83,113707
2c3f49c5-e2da-439f-a1bb-e21963a79c83,113759
2c3f49c5-e2da-439f-a1bb-e21963a79c83,85205
2c3f49c5-e2da-439f-a1bb-e21963a79c83,113496
2c3f49c5-e2da-439f-a1bb-e21963a79c83,113691
2c3f49c5-e2da-439f-a1bb-e21963a79c83,113377
2c3f49c5-e2da-439f-a1bb-e21963a79c83,113953
2c3f49c5-e2da-439f-a1bb-e21963a79c83,113050
2c3f49c5-e2da-439f-a1bb-e21963a79c83,113286
2c3f49c5-e2da-439f-a1bb-e21963a79c83,113730
2c3f49c5-e2da-439f-a1bb-e21963a79c83,104514
2c3f49c5-e2da-439f-a1bb-e21963a79c83,113922
2c3f49c5-e2da-439f-a1bb-e21963a79c83,113582
2c3f49c5-e2da-439f-a1bb-e21963a79c83,113279
2c3f49c5-e2da-439f-a1bb-e21963a79c83,113443
2c3f49c5-e2da-439f-a1bb-e21963a79c83,113838
2c3f49c5-e2da-439f-a1bb-e21963a79c83,112883
2c3f49c5-e2da-439f-a1bb-e21963a79c83,108327
2c3f49c5-e2da-439f-a1bb-e21963a79c83,80438
2c3f49c5-e2da-439f-a1bb-e21963a79c83,112974
2c3f49c5-e2da-439f-a1bb-e21963a79c83,113438
2c3f49c5-e2da-439f-a1bb-e21963a79c83,113836
2c3f49c5-e2da-439f-a1bb-e21963a79c83,112528
2c3f49c5-e2da-439f-a1bb-e21963a79c83,113248
2c3f49c5-e2da-439f-a1bb-e21963a79c83,113835
2c3f49c5-e2da-439f-a1bb-e21963a79c83,112925
2c3f49c5-e2da-439f-a1bb-e21963a79c83,113944
2c3f49c5-e2da-439f-a1bb-e21963a79c83,113458
2c3f49c5-e2da-439f-a1bb-e21963a79c83,112931
2c3f49c5-e2da-439f-a1bb-e21963a79c83,113532
2c3f49c5-e2da-439f-a1bb-e21963a79c83,113722
2c3f49c5-e2da-439f-a1bb-e21963a79c83,113267
2c3f49c5-e2da-439f-a1bb-e21963a79c83,68752
2c3f49c5-e2da-439f-a1bb-e21963a79c83,113055
2c3f49c5-e2da-439f-a1bb-e21963a79c83,112547
2c3f49c5-e2da-439f-a1bb-e21963a79c83,29784
2c3f49c5-e2da-439f-a1bb-e21963a79c83,53062
2c3f49c5-e2da-439f-a1bb-e21963a79c83,113294
2c3f49c5-e2da-439f-a1bb-e21963a79c83,113364
2c3f49c5-e2da-439f-a1bb-e21963a79c83,113489
2c3f49c5-e2da-439f-a1bb-e21963a79c83,113878
2c3f49c5-e2da-439f-a1bb-e21963a79c83,113649
2c3f49c5-e2da-439f-a1bb-e21963a79c83,90156
2c3f49c5-e2da-439f-a1bb-e21963a79c83,113738
2c3f49c5-e2da-439f-a1bb-e21963a79c83,90003
2c3f49c5-e2da-439f-a1bb-e21963a79c83,112848
2c3f49c5-e2da-439f-a1bb-e21963a79c83,102378
2c3f49c5-e2da-439f-a1bb-e21963a79c83,112477
2c3f49c5-e2da-439f-a1bb-e21963a79c83,31466
2c3f49c5-e2da-439f-a1bb-e21963a79c83,112664
2c3f49c5-e2da-439f-a1bb-e21963a79c83,113244
2c3f49c5-e2da-439f-a1bb-e21963a79c83,113893
2c3f49c5-e2da-439f-a1bb-e21963a79c83,113828
2c3f49c5-e2da-439f-a1bb-e21963a79c83,82419
2c3f49c5-e2da-439f-a1bb-e21963a79c83,113879
2c3f49c5-e2da-439f-a1bb-e21963a79c83,74580
2c3f49c5-e2da-439f-a1bb-e21963a79c83,113573
2c3f49c5-e2da-439f-a1bb-e21963a79c83,64801
2c3f49c5-e2da-439f-a1bb-e21963a79c83,74297
2c3f49c5-e2da-439f-a1bb-e21963a79c83,113092
2c3f49c5-e2da-439f-a1bb-e21963a79c83,112614
2c3f49c5-e2da-439f-a1bb-e21963a79c83,113339
2c3f49c5-e2da-439f-a1bb-e21963a79c83,113254
2c3f49c5-e2da-439f-a1bb-e21963a79c83,112425
2c3f49c5-e2da-439f-a1bb-e21963a79c83,112977
2c3f49c5-e2da-439f-a1bb-e21963a79c83,113368
2c3f49c5-e2da-439f-a1bb-e21963a79c83,106990
2c3f49c5-e2da-439f-a1bb-e21963a79c83,112609
2c3f49c5-e2da-439f-a1bb-e21963a79c83,113444
2c3f49c5-e2da-439f-a1bb-e21963a79c83,113556
2c3f49c5-e2da-439f-a1bb-e21963a79c83,113209
2c3f49c5-e2da-439f-a1bb-e21963a79c83,113395
2c3f49c5-e2da-439f-a1bb-e21963a79c83,113576
2c3f49c5-e2da-439f-a1bb-e21963a79c83,113919
2c3f49c5-e2da-439f-a1bb-e21963a79c83,112792
2c3f49c5-e2da-439f-a1bb-e21963a79c83,112669
2c3f49c5-e2da-439f-a1bb-e21963a79c83,112730
2c3f49c5-e2da-439f-a1bb-e21963a79c83,112738
2c3f49c5-e2da-439f-a1bb-e21963a79c83,113549
2c3f49c5-e2da-439f-a1bb-e21963a79c83,113229
2c3f49c5-e2da-439f-a1bb-e21963a79c83,112688
2c3f49c5-e2da-439f-a1bb-e21963a79c83,113249
2c3f49c5-e2da-439f-a1bb-e21963a79c83,53052
2c3f49c5-e2da-439f-a1bb-e21963a79c83,113527
2c3f49c5-e2da-439f-a1bb-e21963a79c83,113888
2c3f49c5-e2da-439f-a1bb-e21963a79c83,71954
2c3f49c5-e2da-439f-a1bb-e21963a79c83,67203
2c3f49c5-e2da-439f-a1bb-e21963a79c83,96526
2c3f49c5-e2da-439f-a1bb-e21963a79c83,42143
2c3f49c5-e2da-439f-a1bb-e21963a79c83,113270
2c3f49c5-e2da-439f-a1bb-e21963a79c83,113217
2c3f49c5-e2da-439f-a1bb-e21963a79c83,99986
2c3f49c5-e2da-439f-a1bb-e21963a79c83,113651
2c3f49c5-e2da-439f-a1bb-e21963a79c83,110243
2c3f49c5-e2da-439f-a1bb-e21963a79c83,113841
2c3f49c5-e2da-439f-a1bb-e21963a79c83,113846
2c3f49c5-e2da-439f-a1bb-e21963a79c83,113467
2c3f49c5-e2da-439f-a1bb-e21963a79c83,62671
2c3f49c5-e2da-439f-a1bb-e21963a79c83,105063
2c3f49c5-e2da-439f-a1bb-e21963a79c83,109025
2c3f49c5-e2da-439f-a1bb-e21963a79c83,91929
2c3f49c5-e2da-439f-a1bb-e21963a79c83,112541
2c3f49c5-e2da-439f-a1bb-e21963a79c83,113111
2c3f49c5-e2da-439f-a1bb-e21963a79c83,112966
2c3f49c5-e2da-439f-a1bb-e21963a79c83,75930
2c3f49c5-e2da-439f-a1bb-e21963a79c83,108265
2c3f49c5-e2da-439f-a1bb-e21963a79c83,113740
2c3f49c5-e2da-439f-a1bb-e21963a79c83,113949
2c3f49c5-e2da-439f-a1bb-e21963a79c83,112916
2c3f49c5-e2da-439f-a1bb-e21963a79c83,113086
2c3f49c5-e2da-439f-a1bb-e21963a79c83,113391
2c3f49c5-e2da-439f-a1bb-e21963a79c83,113075
2c3f49c5-e2da-439f-a1bb-e21963a79c83,66581
2c3f49c5-e2da-439f-a1bb-e21963a79c83,113645
2c3f49c5-e2da-439f-a1bb-e21963a79c83,113529
2c3f49c5-e2da-439f-a1bb-e21963a79c83,113699
2c3f49c5-e2da-439f-a1bb-e21963a79c83,112522
2c3f49c5-e2da-439f-a1bb-e21963a79c83,113128
2c3f49c5-e2da-439f-a1bb-e21963a79c83,107915
2c3f49c5-e2da-439f-a1bb-e21963a79c83,113967
2c3f49c5-e2da-439f-a1bb-e21963a79c83,98233
2c3f49c5-e2da-439f-a1bb-e21963a79c83,102029
2c3f49c5-e2da-439f-a1bb-e21963a79c83,113319
2c3f49c5-e2da-439f-a1bb-e21963a79c83,113492
2c3f49c5-e2da-439f-a1bb-e21963a79c83,113690
2c3f49c5-e2da-439f-a1bb-e21963a79c83,112745
2c3f49c5-e2da-439f-a1bb-e21963a79c83,113904
2c3f49c5-e2da-439f-a1bb-e21963a79c83,113673
2c3f49c5-e2da-439f-a1bb-e21963a79c83,71094
2c3f49c5-e2da-439f-a1bb-e21963a79c83,86675
2c3f49c5-e2da-439f-a1bb-e21963a79c83,113110
2c3f49c5-e2da-439f-a1bb-e21963a79c83,113658
2c3f49c5-e2da-439f-a1bb-e21963a79c83,113785
2c3f49c5-e2da-439f-a1bb-e21963a79c83,112531
2c3f49c5-e2da-439f-a1bb-e21963a79c83,113231
2c3f49c5-e2da-439f-a1bb-e21963a79c83,93033
2c3f49c5-e2da-439f-a1bb-e21963a79c83,112445
2c3f49c5-e2da-439f-a1bb-e21963a79c83,112482
2c3f49c5-e2da-439f-a1bb-e21963a79c83,59487
2c3f49c5-e2da-439f-a1bb-e21963a79c83,112663
2c3f49c5-e2da-439f-a1bb-e21963a79c83,112845
2c3f49c5-e2da-439f-a1bb-e21963a79c83,113201
2c3f49c5-e2da-439f-a1bb-e21963a79c83,112627
2c3f49c5-e2da-439f-a1bb-e21963a79c83,113661
2c3f49c5-e2da-439f-a1bb-e21963a79c83,113787
2c3f49c5-e2da-439f-a1bb-e21963a79c83,113783
2c3f49c5-e2da-439f-a1bb-e21963a79c83,80201
2c3f49c5-e2da-439f-a1bb-e21963a79c83,113283
2c3f49c5-e2da-439f-a1bb-e21963a79c83,77679
2c3f49c5-e2da-439f-a1bb-e21963a79c83,82626
2c3f49c5-e2da-439f-a1bb-e21963a79c83,96528
2c3f49c5-e2da-439f-a1bb-e21963a79c83,113085
2c3f49c5-e2da-439f-a1bb-e21963a79c83,113309
2c3f49c5-e2da-439f-a1bb-e21963a79c83,113554
2c3f49c5-e2da-439f-a1bb-e21963a79c83,109203
2c3f49c5-e2da-439f-a1bb-e21963a79c83,113936
2c3f49c5-e2da-439f-a1bb-e21963a79c83,113453
2c3f49c5-e2da-439f-a1bb-e21963a79c83,112746
2c3f49c5-e2da-439f-a1bb-e21963a79c83,113708
2c3f49c5-e2da-439f-a1bb-e21963a79c83,113946
2c3f49c5-e2da-439f-a1bb-e21963a79c83,113833
2c3f49c5-e2da-439f-a1bb-e21963a79c83,113784
2c3f49c5-e2da-439f-a1bb-e21963a79c83,112699
2c3f49c5-e2da-439f-a1bb-e21963a79c83,112982
2c3f49c5-e2da-439f-a1bb-e21963a79c83,113969
2c3f49c5-e2da-439f-a1bb-e21963a79c83,94033
2c3f49c5-e2da-439f-a1bb-e21963a79c83,80454
2c3f49c5-e2da-439f-a1bb-e21963a79c83,78527
2c3f49c5-e2da-439f-a1bb-e21963a79c83,75748
2c3f49c5-e2da-439f-a1bb-e21963a79c83,109573
2c3f49c5-e2da-439f-a1bb-e21963a79c83,113564
2c3f49c5-e2da-439f-a1bb-e21963a79c83,94601
2c3f49c5-e2da-439f-a1bb-e21963a79c83,112465
2c3f49c5-e2da-439f-a1bb-e21963a79c83,112829
2c3f49c5-e2da-439f-a1bb-e21963a79c83,112695
2c3f49c5-e2da-439f-a1bb-e21963a79c83,112276
2c3f49c5-e2da-439f-a1bb-e21963a79c83,113898
2c3f49c5-e2da-439f-a1bb-e21963a79c83,113441
2c3f49c5-e2da-439f-a1bb-e21963a79c83,113472
2c3f49c5-e2da-439f-a1bb-e21963a79c83,113721
2c3f49c5-e2da-439f-a1bb-e21963a79c83,112840
2c3f49c5-e2da-439f-a1bb-e21963a79c83,113643
2c3f49c5-e2da-439f-a1bb-e21963a79c83,112729
2c3f49c5-e2da-439f-a1bb-e21963a79c83,112976
2c3f49c5-e2da-439f-a1bb-e21963a79c83,113706
2c3f49c5-e2da-439f-a1bb-e21963a79c83,113713
2c3f49c5-e2da-439f-a1bb-e21963a79c83,112581
2c3f49c5-e2da-439f-a1bb-e21963a79c83,112991
2c3f49c5-e2da-439f-a1bb-e21963a79c83,112413
2c3f49c5-e2da-439f-a1bb-e21963a79c83,112755
2c3f49c5-e2da-439f-a1bb-e21963a79c83,112655
2c3f49c5-e2da-439f-a1bb-e21963a79c83,112732
2c3f49c5-e2da-439f-a1bb-e21963a79c83,112961
2c3f49c5-e2da-439f-a1bb-e21963a79c83,113770
2c3f49c5-e2da-439f-a1bb-e21963a79c83,113886
2c3f49c5-e2da-439f-a1bb-e21963a79c83,98483
2c3f49c5-e2da-439f-a1bb-e21963a79c83,112718
2c3f49c5-e2da-439f-a1bb-e21963a79c83,113526
2c3f49c5-e2da-439f-a1bb-e21963a79c83,95849
2c3f49c5-e2da-439f-a1bb-e21963a79c83,80231
2c3f49c5-e2da-439f-a1bb-e21963a79c83,112797
2c3f49c5-e2da-439f-a1bb-e21963a79c83,113403
2c3f49c5-e2da-439f-a1bb-e21963a79c83,113902
2c3f49c5-e2da-439f-a1bb-e21963a79c83,113976
2c3f49c5-e2da-439f-a1bb-e21963a79c83,112708
2c3f49c5-e2da-439f-a1bb-e21963a79c83,113938
2c3f49c5-e2da-439f-a1bb-e21963a79c83,113709
2c3f49c5-e2da-439f-a1bb-e21963a79c83,112793
2c3f49c5-e2da-439f-a1bb-e21963a79c83,102845
2c3f49c5-e2da-439f-a1bb-e21963a79c83,113194
2c3f49c5-e2da-439f-a1bb-e21963a79c83,113983
2c3f49c5-e2da-439f-a1bb-e21963a79c83,112876
2c3f49c5-e2da-439f-a1bb-e21963a79c83,113522
2c3f49c5-e2da-439f-a1bb-e21963a79c83,113519
2c3f49c5-e2da-439f-a1bb-e21963a79c83,113568
2c3f49c5-e2da-439f-a1bb-e21963a79c83,113162
2c3f49c5-e2da-439f-a1bb-e21963a79c83,113559
2c3f49c5-e2da-439f-a1bb-e21963a79c83,113778
2c3f49c5-e2da-439f-a1bb-e21963a79c83,113662
2c3f49c5-e2da-439f-a1bb-e21963a79c83,113432
2c3f49c5-e2da-439f-a1bb-e21963a79c83,112678
2c3f49c5-e2da-439f-a1bb-e21963a79c83,113728
2c3f49c5-e2da-439f-a1bb-e21963a79c83,113018
2c3f49c5-e2da-439f-a1bb-e21963a79c83,113109
2c3f49c5-e2da-439f-a1bb-e21963a79c83,52206
2c3f49c5-e2da-439f-a1bb-e21963a79c83,113972
2c3f49c5-e2da-439f-a1bb-e21963a79c83,112642
2c3f49c5-e2da-439f-a1bb-e21963a79c83,113446
2c3f49c5-e2da-439f-a1bb-e21963a79c83,113356
2c3f49c5-e2da-439f-a1bb-e21963a79c83,113753
2c3f49c5-e2da-439f-a1bb-e21963a79c83,113768
2c3f49c5-e2da-439f-a1bb-e21963a79c83,113304
2c3f49c5-e2da-439f-a1bb-e21963a79c83,112432
2c3f49c5-e2da-439f-a1bb-e21963a79c83,113736
2c3f49c5-e2da-439f-a1bb-e21963a79c83,113408
2c3f49c5-e2da-439f-a1bb-e21963a79c83,85514
2c3f49c5-e2da-439f-a1bb-e21963a79c83,112490
2c3f49c5-e2da-439f-a1bb-e21963a79c83,113832
2c3f49c5-e2da-439f-a1bb-e21963a79c83,102578
2c3f49c5-e2da-439f-a1bb-e21963a79c83,112501
2c3f49c5-e2da-439f-a1bb-e21963a79c83,108367
2c3f49c5-e2da-439f-a1bb-e21963a79c83,113847
2c3f49c5-e2da-439f-a1bb-e21963a79c83,113001
2c3f49c5-e2da-439f-a1bb-e21963a79c83,32837
2c3f49c5-e2da-439f-a1bb-e21963a79c83,113819
2c3f49c5-e2da-439f-a1bb-e21963a79c83,112524
2c3f49c5-e2da-439f-a1bb-e21963a79c83,113884
2c3f49c5-e2da-439f-a1bb-e21963a79c83,112611
2c3f49c5-e2da-439f-a1bb-e21963a79c83,112685
2c3f49c5-e2da-439f-a1bb-e21963a79c83,55155
2c3f49c5-e2da-439f-a1bb-e21963a79c83,113300
2c3f49c5-e2da-439f-a1bb-e21963a79c83,113263
2c3f49c5-e2da-439f-a1bb-e21963a79c83,113553
2c3f49c5-e2da-439f-a1bb-e21963a79c83,113903
2c3f49c5-e2da-439f-a1bb-e21963a79c83,113714
2c3f49c5-e2da-439f-a1bb-e21963a79c83,112843
2c3f49c5-e2da-439f-a1bb-e21963a79c83,113240
2c3f49c5-e2da-439f-a1bb-e21963a79c83,113512
2c3f49c5-e2da-439f-a1bb-e21963a79c83,113455
2c3f49c5-e2da-439f-a1bb-e21963a79c83,113091
2c3f49c5-e2da-439f-a1bb-e21963a79c83,113420
2c3f49c5-e2da-439f-a1bb-e21963a79c83,113158
2c3f49c5-e2da-439f-a1bb-e21963a79c83,113448
2c3f49c5-e2da-439f-a1bb-e21963a79c83,113929
2c3f49c5-e2da-439f-a1bb-e21963a79c83,113589
2c3f49c5-e2da-439f-a1bb-e21963a79c83,83267
2c3f49c5-e2da-439f-a1bb-e21963a79c83,112893
2c3f49c5-e2da-439f-a1bb-e21963a79c83,113393
2c3f49c5-e2da-439f-a1bb-e21963a79c83,113948
2c3f49c5-e2da-439f-a1bb-e21963a79c83,113149
2c3f49c5-e2da-439f-a1bb-e21963a79c83,113964
2c3f49c5-e2da-439f-a1bb-e21963a79c83,112667
2c3f49c5-e2da-439f-a1bb-e21963a79c83,112435
2c3f49c5-e2da-439f-a1bb-e21963a79c83,113668
2c3f49c5-e2da-439f-a1bb-e21963a79c83,113523
2c3f49c5-e2da-439f-a1bb-e21963a79c83,68309
2c3f49c5-e2da-439f-a1bb-e21963a79c83,113517
2c3f49c5-e2da-439f-a1bb-e21963a79c83,108606
2c3f49c5-e2da-439f-a1bb-e21963a79c83,80035
2c3f49c5-e2da-439f-a1bb-e21963a79c83,42867
2c3f49c5-e2da-439f-a1bb-e21963a79c83,113148
2c3f49c5-e2da-439f-a1bb-e21963a79c83,112868
2c3f49c5-e2da-439f-a1bb-e21963a79c83,113278
2c3f49c5-e2da-439f-a1bb-e21963a79c83,113892
2c3f49c5-e2da-439f-a1bb-e21963a79c83,113118
2c3f49c5-e2da-439f-a1bb-e21963a79c83,84296
2c3f49c5-e2da-439f-a1bb-e21963a79c83,113136
2c3f49c5-e2da-439f-a1bb-e21963a79c83,113642
2c3f49c5-e2da-439f-a1bb-e21963a79c83,113306
2c3f49c5-e2da-439f-a1bb-e21963a79c83,113521
2c3f49c5-e2da-439f-a1bb-e21963a79c83,113497
2c3f49c5-e2da-439f-a1bb-e21963a79c83,87490
2c3f49c5-e2da-439f-a1bb-e21963a79c83,113325
2c3f49c5-e2da-439f-a1bb-e21963a79c83,113471
2c3f49c5-e2da-439f-a1bb-e21963a79c83,113142
2c3f49c5-e2da-439f-a1bb-e21963a79c83,113664
2c3f49c5-e2da-439f-a1bb-e21963a79c83,112448
2c3f49c5-e2da-439f-a1bb-e21963a79c83,113817
2c3f49c5-e2da-439f-a1bb-e21963a79c83,113447
2c3f49c5-e2da-439f-a1bb-e21963a79c83,113528
2c3f49c5-e2da-439f-a1bb-e21963a79c83,113083
2c3f49c5-e2da-439f-a1bb-e21963a79c83,113311
2c3f49c5-e2da-439f-a1bb-e21963a79c83,113518
2c3f49c5-e2da-439f-a1bb-e21963a79c83,97084
2c3f49c5-e2da-439f-a1bb-e21963a79c83,112673
2c3f49c5-e2da-439f-a1bb-e21963a79c83,113476
2c3f49c5-e2da-439f-a1bb-e21963a79c83,78333
2c3f49c5-e2da-439f-a1bb-e21963a79c83,112733
2c3f49c5-e2da-439f-a1bb-e21963a79c83,112643
2c3f49c5-e2da-439f-a1bb-e21963a79c83,113130
2c3f49c5-e2da-439f-a1bb-e21963a79c83,112604
2c3f49c5-e2da-439f-a1bb-e21963a79c83,112741
2c3f49c5-e2da-439f-a1bb-e21963a79c83,113405
2c3f49c5-e2da-439f-a1bb-e21963a79c83,67635
2c3f49c5-e2da-439f-a1bb-e21963a79c83,113824
2c3f49c5-e2da-439f-a1bb-e21963a79c83,113842
2c3f49c5-e2da-439f-a1bb-e21963a79c83,112748
2c3f49c5-e2da-439f-a1bb-e21963a79c83,101498
2c3f49c5-e2da-439f-a1bb-e21963a79c83,113253
2c3f49c5-e2da-439f-a1bb-e21963a79c83,113134
2c3f49c5-e2da-439f-a1bb-e21963a79c83,112602
2c3f49c5-e2da-439f-a1bb-e21963a79c83,95019
2c3f49c5-e2da-439f-a1bb-e21963a79c83,104400
2c3f49c5-e2da-439f-a1bb-e21963a79c83,113291
2c3f49c5-e2da-439f-a1bb-e21963a79c83,113000
2c3f49c5-e2da-439f-a1bb-e21963a79c83,113289
2c3f49c5-e2da-439f-a1bb-e21963a79c83,93488
2c3f49c5-e2da-439f-a1bb-e21963a79c83,74323
2c3f49c5-e2da-439f-a1bb-e21963a79c83,83826
2c3f49c5-e2da-439f-a1bb-e21963a79c83,113108
2c3f49c5-e2da-439f-a1bb-e21963a79c83,113414
2c3f49c5-e2da-439f-a1bb-e21963a79c83,47886
2c3f49c5-e2da-439f-a1bb-e21963a79c83,112869
2c3f49c5-e2da-439f-a1bb-e21963a79c83,113813
2c3f49c5-e2da-439f-a1bb-e21963a79c83,113978
2c3f49c5-e2da-439f-a1bb-e21963a79c83,113609
2c3f49c5-e2da-439f-a1bb-e21963a79c83,113131
2c3f49c5-e2da-439f-a1bb-e21963a79c83,101812
2c3f49c5-e2da-439f-a1bb-e21963a79c83,80413
2c3f49c5-e2da-439f-a1bb-e21963a79c83,111121
2c3f49c5-e2da-439f-a1bb-e21963a79c83,73148
2c3f49c5-e2da-439f-a1bb-e21963a79c83,113773
2c3f49c5-e2da-439f-a1bb-e21963a79c83,112440
2c3f49c5-e2da-439f-a1bb-e21963a79c83,108075
2c3f49c5-e2da-439f-a1bb-e21963a79c83,112936
2c3f49c5-e2da-439f-a1bb-e21963a79c83,77921
2c3f49c5-e2da-439f-a1bb-e21963a79c83,112415
2c3f49c5-e2da-439f-a1bb-e21963a79c83,113503
2c3f49c5-e2da-439f-a1bb-e21963a79c83,80437
2c3f49c5-e2da-439f-a1bb-e21963a79c83,113155
2c3f49c5-e2da-439f-a1bb-e21963a79c83,80993
2c3f49c5-e2da-439f-a1bb-e21963a79c83,113317
2c3f49c5-e2da-439f-a1bb-e21963a79c83,112721
2c3f49c5-e2da-439f-a1bb-e21963a79c83,113386
2c3f49c5-e2da-439f-a1bb-e21963a79c83,113498
2c3f49c5-e2da-439f-a1bb-e21963a79c83,113544
2c3f49c5-e2da-439f-a1bb-e21963a79c83,112530
2c3f49c5-e2da-439f-a1bb-e21963a79c83,112900
2c3f49c5-e2da-439f-a1bb-e21963a79c83,113203
2c3f49c5-e2da-439f-a1bb-e21963a79c83,112447
2c3f49c5-e2da-439f-a1bb-e21963a79c83,113647
2c3f49c5-e2da-439f-a1bb-e21963a79c83,112670
2c3f49c5-e2da-439f-a1bb-e21963a79c83,113809
2c3f49c5-e2da-439f-a1bb-e21963a79c83,113273
2c3f49c5-e2da-439f-a1bb-e21963a79c83,113499
2c3f49c5-e2da-439f-a1bb-e21963a79c83,113682
2c3f49c5-e2da-439f-a1bb-e21963a79c83,113712
2c3f49c5-e2da-439f-a1bb-e21963a79c83,101853
2c3f49c5-e2da-439f-a1bb-e21963a79c83,112473
2c3f49c5-e2da-439f-a1bb-e21963a79c83,100539
2c3f49c5-e2da-439f-a1bb-e21963a79c83,112802
2c3f49c5-e2da-439f-a1bb-e21963a79c83,108067
2c3f49c5-e2da-439f-a1bb-e21963a79c83,112467
2c3f49c5-e2da-439f-a1bb-e21963a79c83,113745
2c3f49c5-e2da-439f-a1bb-e21963a79c83,40982
2c3f49c5-e2da-439f-a1bb-e21963a79c83,59672
2c3f49c5-e2da-439f-a1bb-e21963a79c83,112596
2c3f49c5-e2da-439f-a1bb-e21963a79c83,113562
2c3f49c5-e2da-439f-a1bb-e21963a79c83,112560
2c3f49c5-e2da-439f-a1bb-e21963a79c83,113284
2c3f49c5-e2da-439f-a1bb-e21963a79c83,113572
2c3f49c5-e2da-439f-a1bb-e21963a79c83,112480
2c3f49c5-e2da-439f-a1bb-e21963a79c83,112767
2c3f49c5-e2da-439f-a1bb-e21963a79c83,113484
2c3f49c5-e2da-439f-a1bb-e21963a79c83,113669
2c3f49c5-e2da-439f-a1bb-e21963a79c83,113763
2c3f49c5-e2da-439f-a1bb-e21963a79c83,112819
2c3f49c5-e2da-439f-a1bb-e21963a79c83,113704
2c3f49c5-e2da-439f-a1bb-e21963a79c83,80450
2c3f49c5-e2da-439f-a1bb-e21963a79c83,113330
2c3f49c5-e2da-439f-a1bb-e21963a79c83,113297
2c3f49c5-e2da-439f-a1bb-e21963a79c83,75722
2c3f49c5-e2da-439f-a1bb-e21963a79c83,113271
2c3f49c5-e2da-439f-a1bb-e21963a79c83,112434
2c3f49c5-e2da-439f-a1bb-e21963a79c83,112500
2c3f49c5-e2da-439f-a1bb-e21963a79c83,739
2c3f49c5-e2da-439f-a1bb-e21963a79c83,113515
2c3f49c5-e2da-439f-a1bb-e21963a79c83,113008
2c3f49c5-e2da-439f-a1bb-e21963a79c83,113490
2c3f49c5-e2da-439f-a1bb-e21963a79c83,113575
2c3f49c5-e2da-439f-a1bb-e21963a79c83,80452
2c3f49c5-e2da-439f-a1bb-e21963a79c83,113724
2c3f49c5-e2da-439f-a1bb-e21963a79c83,112914
2c3f49c5-e2da-439f-a1bb-e21963a79c83,113238
2c3f49c5-e2da-439f-a1bb-e21963a79c83,112442
2c3f49c5-e2da-439f-a1bb-e21963a79c83,22140
2c3f49c5-e2da-439f-a1bb-e21963a79c83,112725
2c3f49c5-e2da-439f-a1bb-e21963a79c83,112428
2c3f49c5-e2da-439f-a1bb-e21963a79c83,113663
2c3f49c5-e2da-439f-a1bb-e21963a79c83,113656
2c3f49c5-e2da-439f-a1bb-e21963a79c83,112679
2c3f49c5-e2da-439f-a1bb-e21963a79c83,113852
2c3f49c5-e2da-439f-a1bb-e21963a79c83,112420
2c3f49c5-e2da-439f-a1bb-e21963a79c83,96518
2c3f49c5-e2da-439f-a1bb-e21963a79c83,113916
2c3f49c5-e2da-439f-a1bb-e21963a79c83,102570
2c3f49c5-e2da-439f-a1bb-e21963a79c83,113880
2c3f49c5-e2da-439f-a1bb-e21963a79c83,113733
2c3f49c5-e2da-439f-a1bb-e21963a79c83,112554
2c3f49c5-e2da-439f-a1bb-e21963a79c83,113592
2c3f49c5-e2da-439f-a1bb-e21963a79c83,113843
2c3f49c5-e2da-439f-a1bb-e21963a79c83,63284
2c3f49c5-e2da-439f-a1bb-e21963a79c83,106077
2c3f49c5-e2da-439f-a1bb-e21963a79c83,113635
2c3f49c5-e2da-439f-a1bb-e21963a79c83,113096
2c3f49c5-e2da-439f-a1bb-e21963a79c83,82084
2c3f49c5-e2da-439f-a1bb-e21963a79c83,37289
2c3f49c5-e2da-439f-a1bb-e21963a79c83,112852
2c3f49c5-e2da-439f-a1bb-e21963a79c83,113261
2c3f49c5-e2da-439f-a1bb-e21963a79c83,113660
2c3f49c5-e2da-439f-a1bb-e21963a79c83,82251
2c3f49c5-e2da-439f-a1bb-e21963a79c83,112585
2c3f49c5-e2da-439f-a1bb-e21963a79c83,86687
2c3f49c5-e2da-439f-a1bb-e21963a79c83,113172
2c3f49c5-e2da-439f-a1bb-e21963a79c83,112917
2c3f49c5-e2da-439f-a1bb-e21963a79c83,113293
2c3f49c5-e2da-439f-a1bb-e21963a79c83,112566
2c3f49c5-e2da-439f-a1bb-e21963a79c83,95932
2c3f49c5-e2da-439f-a1bb-e21963a79c83,113168
2c3f49c5-e2da-439f-a1bb-e21963a79c83,86733
2c3f49c5-e2da-439f-a1bb-e21963a79c83,112639
2c3f49c5-e2da-439f-a1bb-e21963a79c83,113363
2c3f49c5-e2da-439f-a1bb-e21963a79c83,112771
2c3f49c5-e2da-439f-a1bb-e21963a79c83,113601
2c3f49c5-e2da-439f-a1bb-e21963a79c83,113473
2c3f49c5-e2da-439f-a1bb-e21963a79c83,112583
2c3f49c5-e2da-439f-a1bb-e21963a79c83,112519
2c3f49c5-e2da-439f-a1bb-e21963a79c83,113811
2c3f49c5-e2da-439f-a1bb-e21963a79c83,113011
2c3f49c5-e2da-439f-a1bb-e21963a79c83,112742
2c3f49c5-e2da-439f-a1bb-e21963a79c83,113793
2c3f49c5-e2da-439f-a1bb-e21963a79c83,113047
2c3f49c5-e2da-439f-a1bb-e21963a79c83,113307
2c3f49c5-e2da-439f-a1bb-e21963a79c83,60062
2c3f49c5-e2da-439f-a1bb-e21963a79c83,113069
2c3f49c5-e2da-439f-a1bb-e21963a79c83,90568
2c3f49c5-e2da-439f-a1bb-e21963a79c83,113440
2c3f49c5-e2da-439f-a1bb-e21963a79c83,113853
2c3f49c5-e2da-439f-a1bb-e21963a79c83,106777
2c3f49c5-e2da-439f-a1bb-e21963a79c83,104712
2c3f49c5-e2da-439f-a1bb-e21963a79c83,112457
2c3f49c5-e2da-439f-a1bb-e21963a79c83,113502
2c3f49c5-e2da-439f-a1bb-e21963a79c83,113644
2c3f49c5-e2da-439f-a1bb-e21963a79c83,112620
2c3f49c5-e2da-439f-a1bb-e21963a79c83,112951
2c3f49c5-e2da-439f-a1bb-e21963a79c83,112572
2c3f49c5-e2da-439f-a1bb-e21963a79c83,80411
2c3f49c5-e2da-439f-a1bb-e21963a79c83,113909
2c3f49c5-e2da-439f-a1bb-e21963a79c83,112923
2c3f49c5-e2da-439f-a1bb-e21963a79c83,112957
2c3f49c5-e2da-439f-a1bb-e21963a79c83,82751
2c3f49c5-e2da-439f-a1bb-e21963a79c83,95465
2c3f49c5-e2da-439f-a1bb-e21963a79c83,82859
2c3f49c5-e2da-439f-a1bb-e21963a79c83,113192
2c3f49c5-e2da-439f-a1bb-e21963a79c83,105309
2c3f49c5-e2da-439f-a1bb-e21963a79c83,112492
2c3f49c5-e2da-439f-a1bb-e21963a79c83,90569
2c3f49c5-e2da-439f-a1bb-e21963a79c83,73934
2c3f49c5-e2da-439f-a1bb-e21963a79c83,113133
2c3f49c5-e2da-439f-a1bb-e21963a79c83,112981
2c3f49c5-e2da-439f-a1bb-e21963a79c83,76301
2c3f49c5-e2da-439f-a1bb-e21963a79c83,113322
2c3f49c5-e2da-439f-a1bb-e21963a79c83,80447
2c3f49c5-e2da-439f-a1bb-e21963a79c83,113866
2c3f49c5-e2da-439f-a1bb-e21963a79c83,113703
2c3f49c5-e2da-439f-a1bb-e21963a79c83,113987
2c3f49c5-e2da-439f-a1bb-e21963a79c83,112969
2c3f49c5-e2da-439f-a1bb-e21963a79c83,86598
2c3f49c5-e2da-439f-a1bb-e21963a79c83,112431
2c3f49c5-e2da-439f-a1bb-e21963a79c83,112841
2c3f49c5-e2da-439f-a1bb-e21963a79c83,112430
2c3f49c5-e2da-439f-a1bb-e21963a79c83,113122
2c3f49c5-e2da-439f-a1bb-e21963a79c83,112905
2c3f49c5-e2da-439f-a1bb-e21963a79c83,112756
2c3f49c5-e2da-439f-a1bb-e21963a79c83,112752
2c3f49c5-e2da-439f-a1bb-e21963a79c83,93384
2c3f49c5-e2da-439f-a1bb-e21963a79c83,113666
2c3f49c5-e2da-439f-a1bb-e21963a79c83,85332
2c3f49c5-e2da-439f-a1bb-e21963a79c83,113323
2c3f49c5-e2da-439f-a1bb-e21963a79c83,113829
2c3f49c5-e2da-439f-a1bb-e21963a79c83,113900
2c3f49c5-e2da-439f-a1bb-e21963a79c83,112912
2c3f49c5-e2da-439f-a1bb-e21963a79c83,113533
2c3f49c5-e2da-439f-a1bb-e21963a79c83,113727
2c3f49c5-e2da-439f-a1bb-e21963a79c83,113757
2c3f49c5-e2da-439f-a1bb-e21963a79c83,103844
2c3f49c5-e2da-439f-a1bb-e21963a79c83,112538
2c3f49c5-e2da-439f-a1bb-e21963a79c83,56380
2c3f49c5-e2da-439f-a1bb-e21963a79c83,91868
2c3f49c5-e2da-439f-a1bb-e21963a79c83,106302
2c3f49c5-e2da-439f-a1bb-e21963a79c83,112657
2c3f49c5-e2da-439f-a1bb-e21963a79c83,113120
2c3f49c5-e2da-439f-a1bb-e21963a79c83,89557
2c3f49c5-e2da-439f-a1bb-e21963a79c83,83810
2c3f49c5-e2da-439f-a1bb-e21963a79c83,96522
2c3f49c5-e2da-439f-a1bb-e21963a79c83,112919
2c3f49c5-e2da-439f-a1bb-e21963a79c83,30960
2c3f49c5-e2da-439f-a1bb-e21963a79c83,71163
2c3f49c5-e2da-439f-a1bb-e21963a79c83,71309
2c3f49c5-e2da-439f-a1bb-e21963a79c83,87252
2c3f49c5-e2da-439f-a1bb-e21963a79c83,112636
2c3f49c5-e2da-439f-a1bb-e21963a79c83,113615
2c3f49c5-e2da-439f-a1bb-e21963a79c83,112632
2c3f49c5-e2da-439f-a1bb-e21963a79c83,113367
2c3f49c5-e2da-439f-a1bb-e21963a79c83,113374
2c3f49c5-e2da-439f-a1bb-e21963a79c83,88978
2c3f49c5-e2da-439f-a1bb-e21963a79c83,113138
2c3f49c5-e2da-439f-a1bb-e21963a79c83,112623
2c3f49c5-e2da-439f-a1bb-e21963a79c83,113659
2c3f49c5-e2da-439f-a1bb-e21963a79c83,79524
2c3f49c5-e2da-439f-a1bb-e21963a79c83,84931
2c3f49c5-e2da-439f-a1bb-e21963a79c83,113073
2c3f49c5-e2da-439f-a1bb-e21963a79c83,113457
2c3f49c5-e2da-439f-a1bb-e21963a79c83,112734
